{
  "original_mb": 1856.059003,
  "optimized_mb": 666.025867,
  "size_ratio": 2.7867671436851267,
  "orig_tps": 850.8409365239798,
  "opt_tps": 243.91769168392057,
  "speedup": 0.28667836867419705,
  "orig_ppl": 5.42477476884943,
  "opt_ppl": 8246580.447828735
}