{
  "original_mb": 1856.059003,
  "optimized_mb": 666.025867,
  "size_ratio": 2.7867671436851267,
  "orig_tps": 694.5891821581849,
  "opt_tps": 213.8891867669644,
  "speedup": 0.30793624816093595,
  "orig_ppl": 5.42477476884943,
  "opt_ppl": 8246580.447828735
}